<?xml version="1.0" encoding="UTF-8"?>
<!DOCTYPE suite SYSTEM "https://testng.org/testng-1.0.dtd">
<suite name="Suite">
  <test name="Test1">
  <parameter name="browser" value="chrome"></parameter>
  <parameter name="url1" value="https://www.google.com/?gws_rd=ssl"></parameter>
    <classes>
      <class name="com.example.SearchTest">
      <methods>
      <include name="test1"></include>
      </methods>
      
      </class>
    </classes>
  </test> <!-- Test -->
  
  
   <test  name="Test2">
   <parameter name="browser" value="firefox"></parameter>
  <parameter name="url2" value="https://www.amazon.in/"></parameter>
    <classes>
      <class name="com.example.SearchTest">
      <methods>
      <include name="test2"></include>
      </methods>
      
      </class>
    </classes>
  </test>
</suite> <!-- Suite -->

